,id,first_name,last_name,email,gender,age,student,employed,checking_account,saving_account
5,6,Roselle,Theodore,rtheodore5@elegantthemes.com,Female,52,True,False,767879.56,2931223.04
7,8,Stanley,Mogie,smogie7@cafepress.com,Male,93,False,False,720380.47,2723017.0
9,10,Appolonia,Deek,adeek9@flickr.com,Agender,89,False,True,631998.0,2494973.76
15,16,Antonie,Tweedie,atweedief@biglobe.ne.jp,Female,61,True,True,327170.58,4522711.0
17,18,Dre,Shorbrook,dshorbrookh@angelfire.com,Bigender,51,False,True,953081.3,940340.27
20,21,Zolly,Nollet,znolletk@edublogs.org,Male,93,False,False,424914.99,1171071.47
21,22,Debi,Anderbrugge,danderbruggel@pen.io,Female,59,True,False,542112.31,171773.68
23,24,Marcelia,Williamson,mwilliamsonn@ft.com,Female,58,False,True,163446.18,1842444.51
24,25,Jeno,Coggen,jcoggeno@cocolog-nifty.com,Male,100,False,True,419797.86,2200820.0
27,28,Melvin,Powelee,mpoweleer@wikia.com,Male,65,False,False,483274.51,1677226.35
28,29,Carlee,Rushbrook,crushbrooks@discuz.net,Female,79,False,False,9768.39,2120102.0
29,30,Noella,Asee,naseet@telegraph.co.uk,Female,100,False,True,465533.53,3308476.48
33,34,Carlo,Gierek,cgierekx@fema.gov,Male,55,True,False,718769.0,1773454.61
34,35,Ashien,Ackhurst,aackhursty@weather.com,Female,68,False,False,664723.97,3081408.38
35,36,Shirl,Cassely,scasselyz@geocities.jp,Female,73,True,False,250600.44,1980097.88
37,38,Elysha,Alyokhin,ealyokhin11@dagondesign.com,Female,60,True,True,507937.87,1737458.05
39,40,Terrie,Stopford,tstopford13@cafepress.com,Female,71,True,True,167053.77,323975.5
40,41,Barclay,Cettell,bcettell14@so-net.ne.jp,Male,81,False,True,26115.37,1872483.89
42,43,Lauralee,Emby,lemby16@nytimes.com,Female,66,False,True,753489.35,330299.05
43,44,Hunfredo,Johannesson,hjohannesson17@angelfire.com,Male,84,False,True,834546.03,4143101.2
47,48,Bastian,Delnevo,bdelnevo1b@trellian.com,Male,71,True,True,818732.32,3428338.94
48,49,Issie,Bennie,ibennie1c@wikispaces.com,Female,56,True,True,916373.87,1070433.13
52,53,Ella,Freake,efreake1g@forbes.com,Female,97,False,True,866383.94,3633021.51
53,54,Codi,Claussen,cclaussen1h@npr.org,Genderfluid,96,True,True,987867.8,3950414.24
54,55,Nana,Symers,nsymers1i@cdc.gov,Polygender,66,True,False,340480.47,271515.44
55,56,Florenza,Lecointe,flecointe1j@princeton.edu,Female,78,True,False,933988.66,2515347.95
56,57,Elset,Godier,egodier1k@typepad.com,Female,76,False,False,509802.5,1208171.04
58,59,Bobbie,Stockney,bstockney1m@ask.com,Male,66,True,False,398055.33,2154011.76
59,60,Prinz,Soonhouse,psoonhouse1n@xinhuanet.com,Male,66,False,False,615933.96,1738785.51
60,61,Susanna,Ewing,sewing1o@i2i.jp,Female,97,False,True,547177.76,795232.93
62,63,Dierdre,Grzeszczak,dgrzeszczak1q@mapy.cz,Non-binary,100,True,False,902126.47,1442398.29
63,64,Ludvig,Burbage,lburbage1r@mac.com,Male,75,False,False,854495.56,3089224.4
65,66,Blaire,Godart,bgodart1t@hatena.ne.jp,Female,63,True,True,599883.87,2024177.89
66,67,Fonsie,Cheke,fcheke1u@netscape.com,Male,67,False,False,390612.62,4765824.26
68,69,Minny,Cratchley,mcratchley1w@51.la,Genderfluid,61,False,False,876549.0,3024027.81
69,70,Lucien,Smidmore,lsmidmore1x@cnet.com,Male,74,False,False,224610.7,4775139.2
70,71,Sergeant,Plowell,splowell1y@etsy.com,Male,51,True,False,861454.59,4481747.0
71,72,Titus,Clemett,tclemett1z@npr.org,Male,85,False,True,834152.32,1412323.09
73,74,Pandora,Olesen,polesen21@technorati.com,Female,68,False,True,64360.05,1992646.02
74,75,Kaitlynn,Ellerby,kellerby22@bizjournals.com,Female,100,False,False,39842.62,647632.68
75,76,Constantino,Pendleberry,cpendleberry23@altervista.org,Male,67,False,True,714146.22,613932.66
76,77,Liza,Clutten,lclutten24@phpbb.com,Female,90,True,False,183521.23,1973096.63
77,78,Aggi,Triebner,atriebner25@yellowpages.com,Female,82,False,True,438075.4,3304608.54
79,80,Clayton,Bartoli,cbartoli27@nydailynews.com,Male,95,False,False,894684.0,386765.13
80,81,Kalila,Rishbrook,krishbrook28@ovh.net,Female,70,False,True,462499.34,1351132.03
82,83,Jock,Genery,jgenery2a@biblegateway.com,Male,87,True,False,522191.02,474354.24
83,84,Drew,Ovill,dovill2b@spotify.com,Genderqueer,53,False,True,185832.0,4416216.03
86,87,Robb,Dumphries,rdumphries2e@samsung.com,Male,79,False,True,92547.2,4607918.85
88,89,Matty,Bridgett,mbridgett2g@shop-pro.jp,Male,80,True,True,170390.62,1736131.01
90,91,Stacee,Tinham,stinham2i@webeden.co.uk,Male,77,False,False,39164.02,4296121.1
92,93,Elysee,Dukes,edukes2k@addtoany.com,Female,88,False,False,822271.59,2450062.41
93,94,Malina,Neissen,mneissen2l@taobao.com,Female,76,True,True,463867.4,4089216.56
94,95,Fionna,Kiely,fkiely2m@php.net,Female,81,True,True,666177.0,1509774.12
97,98,Agna,Vanes,avanes2p@uiuc.edu,Female,51,False,True,645385.35,1825829.41
98,99,Ninon,Julien,njulien2q@weibo.com,Female,80,True,True,62916.41,3749805.87
100,101,Danie,Lathaye,dlathaye2s@ca.gov,Male,94,True,False,570127.23,1417390.49
102,103,Brandon,Roke,broke2u@archive.org,Male,79,False,True,118422.43,4325077.43
106,107,Deva,Stangoe,dstangoe2y@liveinternet.ru,Female,95,True,False,361795.98,908926.54
107,108,Regan,Gwatkins,rgwatkins2z@twitter.com,Female,87,False,True,521594.52,3597068.53
108,109,Lucila,Mayes,lmayes30@ted.com,Genderqueer,88,False,True,78877.76,1807860.82
112,113,Shirlene,Soaper,ssoaper34@slideshare.net,Female,78,False,False,496602.72,4748687.0
114,115,Alvie,Alfonsetti,aalfonsetti36@i2i.jp,Male,59,True,False,996345.03,990985.91
115,116,Terrence,Cowlam,tcowlam37@oakley.com,Male,65,False,True,627604.06,284537.56
116,117,Timmie,Thaxton,tthaxton38@joomla.org,Male,75,False,True,329983.12,4286269.34
117,118,Sasha,Chmiel,schmiel39@sphinn.com,Female,61,False,False,382899.25,1573783.62
118,119,Cristal,Footitt,cfootitt3a@vinaora.com,Female,61,False,False,836605.02,3336862.33
123,124,Ange,Harbage,aharbage3f@themeforest.net,Female,80,False,False,529802.92,1723112.64
127,128,Quintus,Alves,qalves3j@desdev.cn,Male,71,False,True,452974.0,4017121.0
128,129,Hilario,Simnell,hsimnell3k@hostgator.com,Male,51,True,True,654086.86,3235444.74
133,134,Amery,Aneley,aaneley3p@diigo.com,Male,55,False,False,754448.0,352602.9
134,135,Cheslie,McMinn,cmcminn3q@mozilla.org,Female,75,True,False,927176.62,3057332.47
137,138,Shellysheldon,Curran,scurran3t@nasa.gov,Male,66,False,True,272769.61,1884220.2
138,139,Angelle,Freund,afreund3u@devhub.com,Female,79,False,False,521097.88,3082483.33
139,140,Christophorus,Beesey,cbeesey3v@narod.ru,Male,77,False,False,416783.78,1662237.1
140,141,Celestine,Vearnals,cvearnals3w@slashdot.org,Female,85,True,False,615776.31,3303609.0
147,148,Thaxter,Clem,tclem43@sciencedirect.com,Male,53,True,True,14579.54,4199828.58
148,149,Gratiana,Warry,gwarry44@adobe.com,Female,89,False,False,928568.98,3658518.38
149,150,Odelle,Grishanov,ogrishanov45@google.it,Female,57,False,False,379762.95,2556906.41
150,151,Lorene,Domenichini,ldomenichini46@about.com,Female,70,True,False,502556.02,4082071.0
151,152,Claude,Spera,cspera47@walmart.com,Female,75,False,True,869259.21,504144.05
152,153,Dalston,Pancoust,dpancoust48@foxnews.com,Male,67,True,False,172074.75,4211676.55
154,155,Lidia,Pollicote,lpollicote4a@weebly.com,Female,62,False,False,960432.28,2227508.2
155,156,Prue,Jandera,pjandera4b@ucla.edu,Female,67,True,False,201068.1,3992158.17
156,157,Jacky,Call,jcall4c@amazon.co.uk,Male,73,False,False,61937.54,4250491.0
157,158,Clovis,Nugent,cnugent4d@cloudflare.com,Female,96,True,False,837816.79,2203427.46
159,160,Jolene,Whitelock,jwhitelock4f@a8.net,Female,97,True,True,790822.7,2526545.97
161,162,Sayre,Desson,sdesson4h@apache.org,Female,52,True,False,646858.28,4897028.29
163,164,Tomas,Yoslowitz,tyoslowitz4j@shutterfly.com,Male,57,True,True,2953.72,1530542.16
165,166,Saba,Pidgen,spidgen4l@woothemes.com,Female,93,True,True,373763.37,4210848.0
168,169,Megan,Kohring,mkohring4o@scribd.com,Female,54,True,True,244249.41,4500009.59
170,171,Jobina,Jenkyn,jjenkyn4q@illinois.edu,Female,67,False,False,638094.9,1213790.78
171,172,Deeanne,Dinsell,ddinsell4r@archive.org,Female,99,False,False,298193.69,750107.43
172,173,Jethro,August,jaugust4s@purevolume.com,Male,90,True,False,262065.57,4942674.94
173,174,Jaquelyn,Terlinden,jterlinden4t@privacy.gov.au,Bigender,73,True,False,536502.71,3305037.43
174,175,Cleo,Ferrier,cferrier4u@huffingtonpost.com,Female,96,False,False,77779.27,593232.96
176,177,Christine,Million,cmillion4w@liveinternet.ru,Female,54,False,False,551551.74,2753747.0
178,179,Martainn,Kenealy,mkenealy4y@wiley.com,Male,76,True,True,674523.0,1643212.85
180,181,Berton,Levey,blevey50@quantcast.com,Male,57,False,False,322574.14,1007325.06
182,183,Linell,Hartzog,lhartzog52@cdc.gov,Female,55,False,True,904365.19,621085.53
183,184,Milissent,Emmet,memmet53@yandex.ru,Female,90,True,False,223906.7,1804057.55
184,185,Dmitri,Schumacher,dschumacher54@themeforest.net,Male,55,False,False,426752.38,654069.97
185,186,Shurwood,Cassar,scassar55@pcworld.com,Male,57,True,True,217280.01,3042578.51
186,187,Simmonds,Axworthy,saxworthy56@princeton.edu,Male,88,True,False,120418.93,1644815.0
188,189,Donny,Kinglake,dkinglake58@paypal.com,Male,82,True,True,724886.11,3540509.32
189,190,Jacenta,Adds,jadds59@shareasale.com,Female,72,False,True,404327.23,1312292.0
192,193,Luella,McCluskey,lmccluskey5c@smh.com.au,Female,86,True,False,768466.94,285834.53
193,194,Nial,Laverick,nlaverick5d@flavors.me,Male,51,True,False,379484.29,2868705.0
195,196,Cristin,McGucken,cmcgucken5f@statcounter.com,Female,61,True,False,40604.86,1910081.14
196,197,Emmalee,Goodale,egoodale5g@utexas.edu,Female,100,True,False,352702.95,4566519.0
197,198,Butch,Belliss,bbelliss5h@dell.com,Male,84,True,False,601127.0,920580.69
201,202,Kelcie,Barfitt,kbarfitt5l@phpbb.com,Female,98,False,False,423733.72,4844162.13
203,204,Angel,Morcomb,amorcomb5n@taobao.com,Male,56,True,True,497671.69,3262908.19
205,206,Korey,Minmagh,kminmagh5p@umn.edu,Male,58,False,True,519911.31,4993956.25
206,207,Janie,Painswick,jpainswick5q@ox.ac.uk,Female,93,True,False,37486.59,1348383.6
208,209,Clywd,Sterndale,csterndale5s@webmd.com,Male,67,False,True,698655.06,3200780.94
210,211,Margo,Cleaver,mcleaver5u@github.io,Female,63,False,False,11038.25,4701256.0
212,213,Dierdre,Ivushkin,divushkin5w@tinyurl.com,Female,68,False,False,773955.55,2799441.87
216,217,Karmen,Ayers,kayers60@chron.com,Female,88,False,True,716623.19,231692.67
219,220,Chrissy,Rounsefull,crounsefull63@ucoz.com,Male,80,True,False,316270.84,1569517.01
223,224,Lambert,Izzett,lizzett67@chicagotribune.com,Male,63,True,True,916487.36,698824.89
224,225,Bunny,Toyne,btoyne68@ask.com,Female,83,True,True,255753.26,1814801.61
225,226,Fallon,Galpin,fgalpin69@hp.com,Female,68,True,True,603176.61,750651.78
226,227,Yehudit,Badham,ybadham6a@spotify.com,Male,64,False,False,301241.94,1132894.87
227,228,Rodrigo,Organ,rorgan6b@bizjournals.com,Male,73,True,True,660162.94,1687873.1
230,231,Audre,Raulin,araulin6e@china.com.cn,Female,59,True,True,894664.73,2293237.0
231,232,Gerda,Pachta,gpachta6f@bloglines.com,Female,71,False,False,342326.26,2804971.42
233,234,Peirce,Sallis,psallis6h@yellowpages.com,Male,89,False,False,342459.85,4106849.67
234,235,Ardenia,Station,astation6i@blogspot.com,Female,81,True,True,293565.52,3986866.0
238,239,Dev,Nassau,dnassau6m@pcworld.com,Male,79,True,False,361993.27,3511765.0
239,240,Darby,Caistor,dcaistor6n@ftc.gov,Male,82,False,True,675450.67,3606157.5
240,241,Kathlin,Trapp,ktrapp6o@shutterfly.com,Female,83,True,True,688054.66,3074829.0
242,243,Quill,Falkous,qfalkous6q@youku.com,Male,95,True,False,493935.24,221316.33
243,244,Rubin,Cosbey,rcosbey6r@tmall.com,Male,61,False,True,219151.65,2681821.8
244,245,Clayton,Hand,chand6s@omniture.com,Male,78,True,False,313351.93,3099004.73
246,247,Allyn,Besnardeau,abesnardeau6u@paginegialle.it,Polygender,69,False,False,51529.49,1773752.73
247,248,Zolly,Bucky,zbucky6v@studiopress.com,Male,52,True,False,603523.91,1790306.33
249,250,Annelise,Munnis,amunnis6x@parallels.com,Female,75,False,True,517715.31,1063398.0
253,254,Silvan,Girdler,sgirdler71@xinhuanet.com,Male,100,False,True,539629.27,2698941.41
254,255,Wilden,Sharpous,wsharpous72@unicef.org,Male,97,True,True,315278.56,1210114.3
255,256,Elena,Gary,egary73@indiatimes.com,Agender,52,True,False,165793.31,1329759.54
256,257,Marabel,Halle,mhalle74@dailymotion.com,Female,92,False,False,585641.69,4395400.0
257,258,Mord,Seneschal,mseneschal75@ibm.com,Male,78,False,False,303453.27,1474108.35
258,259,Lark,Giblin,lgiblin76@cyberchimps.com,Female,71,True,True,976819.67,3115122.0
261,262,Barn,Plaide,bplaide79@youku.com,Male,87,True,True,705995.36,3305129.53
263,264,Rafa,Tillett,rtillett7b@toplist.cz,Female,51,False,False,296792.54,4230587.0
265,266,Carney,Scotland,cscotland7d@ustream.tv,Male,81,True,False,407412.14,3786414.0
267,268,Padgett,Bussetti,pbussetti7f@msn.com,Male,52,True,True,348340.99,1837308.0
268,269,Euell,Matantsev,ematantsev7g@bigcartel.com,Male,65,True,True,422859.1,401500.04
269,270,Kelby,Parkes,kparkes7h@google.fr,Male,75,False,True,219465.35,2928626.0
270,271,Tedd,Mannock,tmannock7i@howstuffworks.com,Male,97,True,False,954590.16,586140.78
271,272,Jordanna,Dominici,jdominici7j@hud.gov,Female,78,False,True,690182.36,3146435.0
272,273,Nat,Boyford,nboyford7k@answers.com,Bigender,75,False,True,798670.05,150427.7
273,274,Garek,Witch,gwitch7l@arstechnica.com,Male,87,False,False,457767.4,910246.99
274,275,Jermayne,Toma,jtoma7m@vkontakte.ru,Male,91,False,False,116820.46,4403332.12
275,276,Riva,Raggett,rraggett7n@skype.com,Female,77,False,True,486434.95,125567.73
277,278,Tasha,Dagnan,tdagnan7p@fotki.com,Female,71,False,False,651153.42,1937430.99
283,284,Abbot,Canland,acanland7v@people.com.cn,Male,96,False,True,572632.4,77237.38
286,287,Linell,Grahlman,lgrahlman7y@cnet.com,Female,67,True,True,83323.66,1256529.86
287,288,Claire,Skaid,cskaid7z@ca.gov,Male,64,False,True,713921.34,3460650.98
288,289,Carlynne,Curnucke,ccurnucke80@dailymail.co.uk,Female,100,True,True,788139.35,2882444.0
289,290,Hunfredo,Peace,hpeace81@lycos.com,Genderqueer,90,False,True,150959.0,4470985.0
291,292,Starlene,Litterick,slitterick83@google.fr,Female,55,False,False,106687.02,1550413.92
294,295,Laurella,Ehlerding,lehlerding86@timesonline.co.uk,Female,89,True,False,735036.34,4627999.48
295,296,Bruis,Gouldie,bgouldie87@wikimedia.org,Male,86,True,False,544613.1,4177927.0
297,298,Felizio,Fibbit,ffibbit89@unc.edu,Male,51,True,True,163165.0,3741273.0
298,299,Gerty,Bardey,gbardey8a@hc360.com,Female,52,True,False,329811.21,288502.6
299,300,Hinda,Ashcroft,hashcroft8b@cocolog-nifty.com,Female,86,False,False,382142.47,4684773.0
300,301,Noble,Grishaev,ngrishaev8c@cnet.com,Male,71,True,True,704081.28,3234984.34
303,304,Rory,McQuarter,rmcquarter8f@weather.com,Non-binary,85,False,False,14306.99,2922333.26
304,305,Horatio,Strickett,hstrickett8g@google.cn,Non-binary,53,False,True,150787.13,3531875.32
305,306,Lind,Mussolini,lmussolini8h@1688.com,Female,70,False,False,292206.55,2508923.46
308,309,Sena,Winterton,swinterton8k@abc.net.au,Female,70,False,False,669670.91,2299895.17
313,314,Ernest,Scad,escad8p@yellowbook.com,Male,86,True,False,933334.98,3044170.09
314,315,Amy,Bidmead,abidmead8q@ted.com,Female,67,True,False,602813.14,589924.61
315,316,Shirlee,Attenburrow,sattenburrow8r@networkadvertising.org,Female,81,True,True,228828.78,1479034.47
317,318,Deny,Kilcoyne,dkilcoyne8t@arizona.edu,Female,55,True,False,218987.98,3958800.0
318,319,Kevon,Foffano,kfoffano8u@sitemeter.com,Male,100,True,False,333668.06,1027480.97
319,320,Whitby,Picford,wpicford8v@google.pl,Bigender,87,False,True,948710.57,3356416.13
324,325,Essy,Bert,ebert90@sbwire.com,Female,93,True,False,98148.8,4708554.93
326,327,Errick,Julien,ejulien92@ebay.com,Male,94,True,True,126623.62,3488170.48
327,328,Demott,Mandrake,dmandrake93@discuz.net,Non-binary,71,False,False,854247.07,354610.51
328,329,Kaja,Longstreet,klongstreet94@360.cn,Female,98,True,True,21436.33,3345922.97
329,330,Neil,Christal,nchristal95@examiner.com,Male,100,False,False,846823.69,147199.79
330,331,Emmeline,Posner,eposner96@economist.com,Female,88,True,True,294896.89,1587208.77
331,332,Huberto,Stribling,hstribling97@vimeo.com,Male,65,True,False,450710.41,4038852.05
332,333,Artus,Kordas,akordas98@vkontakte.ru,Male,79,True,False,183994.2,3181954.91
333,334,Durant,Howell,dhowell99@fc2.com,Male,78,False,False,471676.09,4393349.9
334,335,Griswold,Torbeck,gtorbeck9a@newsvine.com,Male,67,True,False,810084.69,390244.93
335,336,Marwin,Ohrtmann,mohrtmann9b@51.la,Male,90,True,False,5642.05,2367008.8
339,340,Helen,Beazleigh,hbeazleigh9f@marketwatch.com,Female,61,False,False,457830.36,1316943.2
340,341,Cathe,Rising,crising9g@imageshack.us,Female,65,True,True,933556.95,4324257.0
342,343,Lauri,Sponder,lsponder9i@redcross.org,Female,66,False,False,201635.81,2982030.96
343,344,Rutherford,Rau,rrau9j@g.co,Male,84,True,False,822447.02,4286150.86
345,346,Roscoe,Busek,rbusek9l@accuweather.com,Male,54,False,False,991536.52,75442.41
346,347,Launce,Jaycocks,ljaycocks9m@hibu.com,Male,70,True,True,442277.51,3936222.43
349,350,Billi,Grief,bgrief9p@reuters.com,Female,51,True,True,57158.74,1942479.2
350,351,Maddie,Nitti,mnitti9q@netscape.com,Male,70,False,False,519715.01,1533439.41
357,358,Rodd,Dennick,rdennick9x@com.com,Male,74,True,False,619337.73,4469610.09
358,359,Zacharia,Crudgington,zcrudgington9y@sina.com.cn,Male,91,False,True,201091.1,4973783.0
360,361,Sherwin,Doggart,sdoggarta0@fotki.com,Male,52,False,True,691527.72,1663280.58
363,364,Diahann,Keningham,dkeninghama3@senate.gov,Female,60,True,False,693395.85,4642772.0
364,365,Rebeca,Vercruysse,rvercruyssea4@cam.ac.uk,Female,60,True,True,409075.24,536194.84
365,366,Alexa,Baudts,abaudtsa5@moonfruit.com,Female,96,True,False,124220.24,4193152.52
367,368,Chancey,Absolem,cabsolema7@pinterest.com,Male,60,False,False,39083.01,4136099.54
369,370,Curtice,Becks,cbecksa9@reddit.com,Male,72,True,False,680499.42,4622724.0
370,371,Fleming,Perrinchief,fperrinchiefaa@google.com.au,Male,89,True,False,413545.6,2468941.0
371,372,Hastings,Moppett,hmoppettab@amazon.com,Male,87,False,True,599537.86,826631.87
372,373,Wittie,Fulger,wfulgerac@mlb.com,Male,75,False,False,513830.03,928278.72
374,375,Brion,Raselles,brasellesae@narod.ru,Male,87,False,True,92997.84,3375189.11
375,376,Christel,Wakley,cwakleyaf@omniture.com,Female,85,True,False,938957.12,496496.96
377,378,Catherine,Lidyard,clidyardah@time.com,Female,74,True,False,278412.65,4421421.0
380,381,Merle,Vanin,mvaninak@nyu.edu,Male,52,True,False,569565.0,4212982.83
381,382,Dewain,Hagwood,dhagwoodal@list-manage.com,Male,73,False,True,831047.63,813227.16
382,383,Crissy,Tregien,ctregienam@census.gov,Female,99,False,True,371176.18,3970890.47
383,384,Murry,Wanell,mwanellan@ning.com,Male,94,False,False,798624.09,2147870.45
384,385,Drucill,Gowdridge,dgowdridgeao@senate.gov,Female,83,False,True,397195.89,667803.41
387,388,Gavan,Arstall,garstallar@wordpress.com,Male,55,True,False,221486.21,2104679.51
388,389,Nancy,Dudney,ndudneyas@theglobeandmail.com,Female,69,False,True,609861.0,3022098.06
389,390,Yasmeen,Eagleston,yeaglestonat@bbb.org,Female,51,False,True,817436.04,3610850.0
390,391,Tessi,Cheesley,tcheesleyau@tuttocitta.it,Female,80,False,True,815252.98,3738044.46
393,394,Aristotle,Tansill,atansillax@phoca.cz,Male,80,False,False,956703.55,2026327.36
394,395,Becka,Cavnor,bcavnoray@nih.gov,Female,96,True,True,384164.17,4019027.31
397,398,Lana,Danielou,ldanieloub1@privacy.gov.au,Female,68,True,True,238949.75,2735760.0
400,401,Martina,Brooksbank,mbrooksbankb4@ameblo.jp,Female,65,True,False,493800.82,1858919.0
402,403,Wolfie,Anelay,wanelayb6@china.com.cn,Male,100,False,False,336106.94,2583476.0
404,405,Conrado,Simkovich,csimkovichb8@ucoz.com,Male,82,False,False,961053.94,1734685.95
408,409,Silvie,Ovill,sovillbc@booking.com,Female,76,False,False,315796.73,2591102.97
409,410,Mahala,Crenshaw,mcrenshawbd@ow.ly,Female,70,False,False,806724.0,4508678.62
411,412,Deirdre,Mottley,dmottleybf@blogtalkradio.com,Female,78,False,False,691048.47,3956708.89
412,413,Gabi,Corton,gcortonbg@trellian.com,Female,58,False,True,787764.35,3519291.0
413,414,Eileen,Bread,ebreadbh@bigcartel.com,Female,52,False,True,413162.68,4578529.0
414,415,Abie,Dunstall,adunstallbi@instagram.com,Male,65,False,True,985809.67,4944124.26
418,419,Helenelizabeth,Melmoth,hmelmothbm@loc.gov,Female,99,False,False,387485.97,2827884.94
421,422,Theodosia,Abramof,tabramofbp@ebay.com,Female,59,False,False,235988.1,635238.75
426,427,Evangelina,Whitcombe,ewhitcombebu@ifeng.com,Non-binary,57,True,False,830743.19,1470949.72
429,430,Timmie,Bootton,tboottonbx@sogou.com,Female,58,True,True,125778.18,2840696.16
430,431,Lannie,De Robertis,lderobertisby@addthis.com,Male,95,False,False,189393.0,4106382.8
431,432,Sydney,Vasilmanov,svasilmanovbz@irs.gov,Female,62,False,False,771162.0,2830532.16
432,433,Edgardo,Cadden,ecaddenc0@flavors.me,Male,61,True,False,856046.0,3914616.45
434,435,Sanford,Dashper,sdashperc2@hexun.com,Male,51,True,False,885474.41,4509252.0
436,437,Forrest,Collingridge,fcollingridgec4@biglobe.ne.jp,Male,58,True,True,136153.17,2096544.87
437,438,Abdul,Nason,anasonc5@amazon.com,Male,57,False,False,548868.35,4297433.59
438,439,Maximilian,Grummitt,mgrummittc6@fotki.com,Male,95,True,True,158048.22,4438542.0
439,440,Dulci,Phlippsen,dphlippsenc7@google.pl,Female,80,False,False,354333.48,2369559.75
440,441,Nomi,Diloway,ndilowayc8@dell.com,Female,57,False,False,530775.23,3789424.52
441,442,Netti,Ferrino,nferrinoc9@mapy.cz,Female,64,True,True,211666.09,4272361.0
442,443,Therine,Dorr,tdorrca@imageshack.us,Female,77,False,True,447308.24,3874392.0
444,445,Cass,Bouttell,cbouttellcc@hatena.ne.jp,Male,67,True,False,931887.87,3757617.54
445,446,Hal,Brach,hbrachcd@stanford.edu,Male,74,False,True,283877.43,1292244.09
446,447,Floyd,Treske,ftreskece@ibm.com,Male,70,False,True,790660.0,1084842.95
447,448,Erinna,Denyukhin,edenyukhincf@qq.com,Female,56,True,True,343603.65,4860995.0
448,449,Monro,Bowshire,mbowshirecg@skype.com,Male,100,True,False,81827.68,2347724.3
450,451,Ddene,McLaverty,dmclavertyci@hc360.com,Genderqueer,71,True,True,905697.12,512571.0
454,455,Lemar,Farny,lfarnycm@adobe.com,Male,83,True,False,62055.52,4756277.43
456,457,Vale,Jezzard,vjezzardco@domainmarket.com,Male,64,True,False,568410.41,916116.38
457,458,Candy,Kopfen,ckopfencp@surveymonkey.com,Female,75,True,False,286778.12,864868.01
458,459,Wiley,Treker,wtrekercq@spotify.com,Male,87,False,True,163453.75,378952.33
460,461,Laure,Lademann,llademanncs@biglobe.ne.jp,Female,58,True,False,355049.62,2272695.0
462,463,Huntley,Mauditt,hmaudittcu@comcast.net,Male,96,True,False,76035.97,1564047.52
463,464,Ed,Hinrichsen,ehinrichsencv@newsvine.com,Male,74,False,False,206236.97,1083789.91
466,467,Mylo,Yedall,myedallcy@cornell.edu,Male,84,False,False,776098.48,3874149.44
471,472,Ulrika,Bronger,ubrongerd3@networksolutions.com,Bigender,90,False,True,4044.4,415604.97
472,473,Reece,Brearley,rbrearleyd4@sogou.com,Male,61,True,True,283499.56,1109022.82
475,476,Humfrey,Cahn,hcahnd7@marketwatch.com,Genderfluid,93,True,True,36621.13,4778408.58
477,478,Harv,Chesworth,hchesworthd9@example.com,Male,68,False,True,581391.1,762686.46
480,481,Lorianne,Cannell,lcannelldc@g.co,Female,61,False,True,52012.78,3987485.0
481,482,Dave,Le Batteur,dlebatteurdd@theatlantic.com,Male,74,True,True,27446.86,486081.9
482,483,Jillane,Fuke,jfukede@illinois.edu,Female,76,False,False,825202.66,2430257.0
483,484,Brooke,Carnihan,bcarnihandf@skyrock.com,Male,99,False,False,302645.73,3323641.0
484,485,Lilla,Blacktin,lblacktindg@theatlantic.com,Female,99,True,False,346733.3,3282031.05
485,486,Sigismund,Worthy,sworthydh@nih.gov,Male,53,True,False,98799.17,4539233.21
486,487,Roobbie,O'Fairy,rofairydi@nbcnews.com,Female,53,True,False,163016.73,620558.39
487,488,Loralee,Nelles,lnellesdj@zdnet.com,Genderfluid,73,False,False,162885.04,4935326.35
488,489,Berenice,Deery,bdeerydk@vinaora.com,Female,84,True,False,855318.38,1613216.51
489,490,Donnell,Heckner,dhecknerdl@last.fm,Male,74,True,False,302787.4,3171108.75
492,493,Rena,Alfwy,ralfwydo@addtoany.com,Female,69,True,True,312971.26,4890017.0
493,494,Homer,Zettoi,hzettoidp@ebay.co.uk,Male,90,False,True,261355.26,4840976.17
495,496,Maritsa,Lantaff,mlantaffdr@histats.com,Female,99,True,True,957147.0,2915004.49
496,497,Sandy,Laguerre,slaguerreds@google.nl,Male,97,False,True,550211.48,164620.17
497,498,Erl,MacKenney,emackenneydt@sciencedirect.com,Male,85,True,False,348150.63,991257.85
498,499,Karia,Baly,kbalydu@timesonline.co.uk,Female,52,True,True,619309.93,662585.25
499,500,Thorndike,Coggen,tcoggendv@globo.com,Male,55,False,True,235529.61,2219657.64
500,501,Krystyna,Maplesden,kmaplesdendw@odnoklassniki.ru,Genderfluid,73,True,True,884331.0,2540332.42
501,502,Fredek,Searles,fsearlesdx@earthlink.net,Male,80,False,False,373761.75,276991.65
502,503,Brier,Bonfield,bbonfielddy@netscape.com,Female,93,True,False,776888.58,2448642.48
503,504,Caddric,Hammelberg,chammelbergdz@youku.com,Genderqueer,60,True,False,347220.6,4404900.0
504,505,Adolf,Sprigings,asprigingse0@goo.gl,Male,63,False,False,445957.82,2977753.88
505,506,Rona,Shiels,rshielse1@sakura.ne.jp,Female,100,True,False,418613.77,3478552.03
506,507,Lenard,McColley,lmccolleye2@ovh.net,Male,82,True,False,395494.83,2287610.77
508,509,Jill,Dand,jdande4@msn.com,Female,64,False,False,942171.73,3113378.07
510,511,Alberik,Buckie,abuckiee6@jiathis.com,Non-binary,80,False,False,962572.07,4499235.92
512,513,Cob,Martlew,cmartlewe8@indiatimes.com,Male,84,True,True,971595.42,292590.17
513,514,Thaine,Aspey,taspeye9@123-reg.co.uk,Male,88,True,True,58628.77,3115319.72
515,516,Mitch,Ayer,mayereb@creativecommons.org,Male,71,False,False,847675.68,2791211.0
517,518,Evy,Bathurst,ebathursted@scribd.com,Female,62,False,False,95692.23,3081790.78
518,519,Bryana,Bahia,bbahiaee@usnews.com,Female,83,True,False,844408.3,3795920.25
519,520,Gasper,Sage,gsageef@miitbeian.gov.cn,Male,90,False,False,934612.01,2519241.47
520,521,Trip,Mullane,tmullaneeg@jimdo.com,Male,87,False,True,11195.13,1485441.96
522,523,Jacky,Serrurier,jserrurierei@goo.ne.jp,Male,87,True,True,936097.22,4879345.0
523,524,Lon,Goggin,lgogginej@rediff.com,Male,75,True,True,797537.39,4257058.0
526,527,Cass,Brimfield,cbrimfieldem@nba.com,Male,65,True,True,862785.31,1483374.26
528,529,Windham,Deaconson,wdeaconsoneo@theglobeandmail.com,Male,77,False,True,484397.77,4999272.0
529,530,Murvyn,Battman,mbattmanep@stanford.edu,Male,83,False,False,418197.55,3805573.7
530,531,Jard,Bulfoy,jbulfoyeq@51.la,Male,72,True,False,831488.59,2288061.39
532,533,Randie,Rhead,rrheades@msu.edu,Female,77,True,True,951600.69,2047695.98
533,534,Neale,Aristide,naristideet@ucla.edu,Male,93,False,True,411898.97,3866693.89
535,536,Brita,Brabbs,bbrabbsev@angelfire.com,Female,52,True,False,804448.4,4425673.01
536,537,Flor,Galilee,fgalileeew@examiner.com,Female,58,True,False,532306.01,653534.11
538,539,Jori,Donohue,jdonohueey@jiathis.com,Female,95,True,False,959446.77,1408157.15
541,542,Early,Mynott,emynottf1@canalblog.com,Male,57,True,True,147208.18,2321261.26
543,544,Ivette,Bedminster,ibedminsterf3@flickr.com,Female,74,True,True,794529.34,1573815.99
545,546,Stepha,Tomczykowski,stomczykowskif5@bizjournals.com,Female,59,False,True,317577.27,4677785.53
546,547,Shem,Arlt,sarltf6@skype.com,Male,76,True,True,894444.29,3996295.0
548,549,Burgess,Willavize,bwillavizef8@jugem.jp,Male,85,True,True,340498.16,3951294.86
550,551,Dyanne,Damp,ddampfa@indiegogo.com,Female,82,True,False,949176.16,3280331.63
551,552,King,Bennike,kbennikefb@paypal.com,Male,64,False,True,771382.99,713913.13
552,553,Yelena,Thouless,ythoulessfc@photobucket.com,Female,79,True,True,825291.94,4574924.0
553,554,Mame,Jurasek,mjurasekfd@home.pl,Female,66,False,False,503169.22,1784202.7
554,555,Doralynn,Guirardin,dguirardinfe@washingtonpost.com,Female,68,True,True,994064.77,2564058.6
555,556,Rodger,Soldi,rsoldiff@hatena.ne.jp,Male,86,True,False,909789.06,4951603.0
558,559,Raynell,Longrigg,rlongriggfi@1und1.de,Female,84,True,False,12679.43,892321.36
560,561,Virgilio,Sadd,vsaddfk@ted.com,Male,76,False,False,893187.25,3655571.7
561,562,Gabbi,Hearle,ghearlefl@artisteer.com,Female,77,True,True,902156.96,3211373.11
562,563,Star,Ert,sertfm@php.net,Female,61,True,True,103729.88,330303.46
565,566,Guthrie,Zanutti,gzanuttifp@theatlantic.com,Male,67,False,False,733154.89,310335.52
568,569,Aluino,Tabor,ataborfs@dagondesign.com,Male,96,True,False,311220.26,2247834.0
572,573,Amelina,Antwis,aantwisfw@oaic.gov.au,Female,71,True,False,207223.53,2969299.0
574,575,Rosene,Assender,rassenderfy@time.com,Female,97,False,False,373105.7,4589923.21
575,576,Karilynn,Egleton,kegletonfz@ca.gov,Female,62,False,False,620625.12,259196.57
576,577,Darn,Filippazzo,dfilippazzog0@gizmodo.com,Male,65,True,True,68284.7,4941899.0
578,579,Hamlen,Shapland,hshaplandg2@blogger.com,Male,71,False,False,244076.26,3879034.84
579,580,Rubie,Wareham,rwarehamg3@ocn.ne.jp,Female,90,True,False,330681.37,1638196.98
582,583,Earle,Pigrome,epigromeg6@archive.org,Non-binary,95,False,True,354544.86,4072662.66
584,585,Chicky,Matteau,cmatteaug8@mashable.com,Male,76,True,True,257738.56,1214311.7
585,586,Terese,Pakeman,tpakemang9@ftc.gov,Female,95,False,False,333145.71,4264283.99
590,591,Rozina,Iggulden,rigguldenge@yolasite.com,Female,77,True,True,829071.05,4473142.0
592,593,Marga,Poundsford,mpoundsfordgg@goo.ne.jp,Female,98,True,False,336046.0,802964.51
593,594,Helli,Tappor,htapporgh@oaic.gov.au,Female,57,False,False,645182.75,4744481.14
595,596,Frank,Clemanceau,fclemanceaugj@arstechnica.com,Male,88,True,True,472138.71,1878125.03
596,597,Lauritz,Mordanti,lmordantigk@opera.com,Male,79,True,False,191027.57,4970991.75
597,598,Merrill,Bumpas,mbumpasgl@domainmarket.com,Genderqueer,89,True,True,33865.2,3217065.58
598,599,Ely,Linnane,elinnanegm@wikipedia.org,Male,53,False,True,908922.78,4590382.01
601,602,Nonna,Wrightim,nwrightimgp@ft.com,Female,68,True,False,304655.86,206025.02
602,603,Lisha,Satyford,lsatyfordgq@pbs.org,Female,74,False,False,597589.44,2663022.43
603,604,Celle,Biasioni,cbiasionigr@census.gov,Female,93,False,True,584880.88,238158.03
604,605,Olivie,MacVicar,omacvicargs@dedecms.com,Female,71,False,True,897443.8,735345.5
606,607,Newton,Wallege,nwallegegu@ucoz.ru,Male,100,False,False,269033.28,1507761.88
607,608,Tildi,Laingmaid,tlaingmaidgv@amazon.com,Female,93,False,False,880760.8,3288391.82
608,609,Berry,Hugueville,bhuguevillegw@technorati.com,Female,71,True,True,766279.58,2463282.0
610,611,Wait,Itshak,witshakgy@scribd.com,Male,83,True,False,797006.04,2734695.42
616,617,Bernardo,Earngy,bearngyh4@house.gov,Male,66,False,True,79.04,1583682.09
619,620,Angelita,Lethieulier,alethieulierh7@tinyurl.com,Female,79,False,True,583995.0,344880.76
620,621,Melissa,Drakers,mdrakersh8@umich.edu,Female,65,True,True,560448.0,1534494.32
621,622,Issiah,Geddes,igeddesh9@hud.gov,Male,65,False,False,522601.88,4621368.0
622,623,Toddie,Laxtonne,tlaxtonneha@merriam-webster.com,Polygender,92,True,True,383940.03,1924049.29
623,624,Ker,Schuchmacher,kschuchmacherhb@columbia.edu,Male,91,False,True,799908.6,3459424.0
625,626,Alameda,Putson,aputsonhd@microsoft.com,Female,64,False,True,288484.88,4743151.95
628,629,Elysia,Hamby,ehambyhg@jigsy.com,Female,71,True,True,548563.21,4511640.0
629,630,Kelbee,Blues,kblueshh@nih.gov,Male,51,False,True,632853.87,3512355.2
630,631,Lorrie,Craythorne,lcraythornehi@va.gov,Male,53,False,False,440319.12,681640.2
632,633,Kaila,Muffitt,kmuffitthk@wikimedia.org,Female,94,False,False,608030.95,1388341.34
633,634,Darb,Pinniger,dpinnigerhl@desdev.cn,Male,62,True,True,38931.41,1482308.79
634,635,Astra,Seed,aseedhm@skype.com,Female,60,False,False,114079.96,4751762.0
636,637,Renae,Maggiori,rmaggioriho@odnoklassniki.ru,Female,100,True,True,432449.11,3965457.31
637,638,Jean,Brumwell,jbrumwellhp@mail.ru,Female,53,False,True,676566.62,4801867.86
638,639,Ingrim,Brookton,ibrooktonhq@cdbaby.com,Male,80,True,True,690236.29,2091434.74
640,641,Joanie,Arcase,jarcasehs@furl.net,Female,66,True,False,733841.73,4065534.35
641,642,Jamill,Fullard,jfullardht@yale.edu,Male,100,False,False,906421.88,3405663.01
642,643,Conan,Firks,cfirkshu@dailymotion.com,Male,72,True,True,953761.88,245594.34
643,644,Halsey,Vispo,hvispohv@abc.net.au,Genderqueer,55,False,True,553980.81,3343875.0
645,646,Roddie,Perschke,rperschkehx@sina.com.cn,Male,64,False,True,829882.72,4159804.53
646,647,Terri-jo,Pioli,tpiolihy@nifty.com,Female,90,False,False,368418.44,2868242.85
647,648,Ellen,Mahon,emahonhz@creativecommons.org,Female,82,False,False,947125.31,2348988.27
648,649,Marissa,Bougourd,mbougourdi0@china.com.cn,Female,66,True,True,602061.72,3529961.6
649,650,Wang,Piggin,wpiggini1@plala.or.jp,Male,75,True,True,719096.18,3055754.56
650,651,Lothario,Seccombe,lseccombei2@pcworld.com,Male,99,False,True,145375.56,4577085.82
652,653,Esther,Plaxton,eplaxtoni4@biblegateway.com,Female,54,False,False,327219.34,1608525.92
653,654,Velvet,Meckiff,vmeckiffi5@nba.com,Female,83,True,True,73847.57,4056452.58
655,656,Arly,Lilloe,alilloei7@google.com.au,Female,70,True,True,703720.0,4815921.0
657,658,Jody,Carlile,jcarlilei9@sun.com,Female,98,True,False,403628.55,102404.07
659,660,Miriam,Rummins,mrumminsib@1und1.de,Female,94,True,True,986637.6,293856.31
660,661,Nikita,McIlvenny,nmcilvennyic@imgur.com,Male,61,False,True,885793.63,1687008.88
661,662,Kriste,Schimon,kschimonid@newyorker.com,Female,71,False,False,465405.83,3026729.89
662,663,Prince,Issacov,pissacovie@wsj.com,Male,74,False,True,798591.53,1787134.1
663,664,Karilynn,Westney,kwestneyif@devhub.com,Female,70,True,False,867894.82,1256130.26
665,666,Ranique,Wraggs,rwraggsih@scribd.com,Female,53,False,False,782554.27,306377.75
666,667,Cameron,Calver,ccalverii@epa.gov,Male,93,True,True,356944.89,3528183.49
667,668,Alayne,Joseland,ajoselandij@fastcompany.com,Female,65,False,True,50888.83,3446755.5
668,669,Cosimo,Veldstra,cveldstraik@gov.uk,Male,69,True,True,688312.88,673538.88
669,670,Sherm,Cutten,scuttenil@uol.com.br,Male,99,False,True,424582.98,1312150.81
670,671,Lanni,Rouby,lroubyim@alibaba.com,Female,93,True,False,976056.62,171781.77
672,673,Van,Olivelli,volivelliio@si.edu,Male,77,False,True,786150.71,3226256.18
673,674,Imogene,Schwartz,ischwartzip@merriam-webster.com,Female,62,True,True,847776.36,4293076.41
675,676,Ralph,McReedy,rmcreedyir@ebay.com,Male,99,False,True,545150.0,2327672.65
676,677,Silvain,Barsby,sbarsbyis@unesco.org,Male,58,True,True,488082.9,1059867.85
678,679,Heindrick,Collip,hcollipiu@redcross.org,Male,65,False,False,131963.39,4193468.85
679,680,Lelia,Crayton,lcraytoniv@nature.com,Female,97,True,True,406799.55,2867075.21
681,682,Devy,Scroggie,dscroggieix@livejournal.com,Male,80,True,True,584112.64,625461.05
682,683,Darby,Paradis,dparadisiy@berkeley.edu,Female,69,False,False,476376.19,2022581.79
683,684,Bartholomew,Loody,bloodyiz@umn.edu,Bigender,82,False,False,280460.52,3688125.0
685,686,Clemente,Nore,cnorej1@so-net.ne.jp,Agender,65,False,True,551863.14,542634.04
689,690,Bank,Gilburt,bgilburtj5@people.com.cn,Non-binary,65,True,True,110433.53,4412966.0
690,691,Tate,O'Gaven,togavenj6@scientificamerican.com,Female,58,True,False,6230.71,4135296.48
692,693,Darcey,Offener,doffenerj8@vistaprint.com,Female,68,True,True,6761.14,1402816.67
693,694,Swen,Gives,sgivesj9@blinklist.com,Male,82,True,True,314954.61,22736.49
696,697,Joe,Strase,jstrasejc@xing.com,Male,64,True,False,146736.69,820954.27
701,702,Joaquin,Faye,jfayejh@discovery.com,Male,91,False,True,628285.79,1849585.0
702,703,Garrik,McGaugie,gmcgaugieji@oaic.gov.au,Male,99,True,False,279113.69,1287016.27
703,704,Nichols,Liepins,nliepinsjj@nytimes.com,Male,70,True,False,349708.94,2428853.71
706,707,Waly,Cranke,wcrankejm@livejournal.com,Female,70,True,True,685396.14,437467.09
707,708,Ag,Georgiev,ageorgievjn@mozilla.com,Female,53,True,True,883521.52,438264.46
713,714,Ana,Setford,asetfordjt@artisteer.com,Polygender,82,True,True,558945.84,3701357.0
714,715,Theodor,Blackaller,tblackallerju@howstuffworks.com,Male,56,True,False,372707.89,1749882.1
717,718,Gipsy,Reicherz,greicherzjx@scientificamerican.com,Female,98,False,False,688050.65,488070.53
720,721,Sterne,Simcock,ssimcockk0@java.com,Male,63,False,True,666255.58,997779.11
722,723,Goldia,Leyzell,gleyzellk2@jugem.jp,Female,87,False,False,761488.86,333345.0
723,724,Vickie,Wix,vwixk3@fc2.com,Female,81,False,True,32133.15,4820876.0
724,725,Yoshiko,Geindre,ygeindrek4@clickbank.net,Female,59,False,False,271398.95,1567888.17
725,726,Johnny,Giacobo,jgiacobok5@amazon.co.jp,Genderqueer,57,True,True,656353.59,1602190.0
726,727,Isaac,Deely,ideelyk6@tmall.com,Male,94,False,True,609506.39,4646469.89
727,728,Jose,Pobjoy,jpobjoyk7@shutterfly.com,Male,93,True,True,891671.12,4656172.52
728,729,Ferdinanda,Cushe,fcushek8@epa.gov,Female,60,True,False,546332.0,4719129.0
731,732,Vanda,Swaite,vswaitekb@adobe.com,Female,93,False,False,319202.2,3510696.45
732,733,Ives,Flood,ifloodkc@elpais.com,Male,91,True,False,976610.46,1025051.2
733,734,Forester,Kear,fkearkd@domainmarket.com,Male,93,False,False,461166.83,1858515.0
736,737,Rosella,Wiltshaw,rwiltshawkg@earthlink.net,Female,97,False,False,967355.87,3904412.87
737,738,Tully,Tocqueville,ttocquevillekh@usatoday.com,Male,93,False,False,590075.62,1047437.48
741,742,Dieter,Clemmens,dclemmenskl@shareasale.com,Male,65,True,False,504560.34,3621778.68
742,743,Arne,Vanyutin,avanyutinkm@census.gov,Male,53,True,True,17343.03,3938491.0
744,745,Gertruda,Hurles,ghurlesko@imgur.com,Female,86,True,False,846044.97,3993294.37
745,746,Georas,Wimpress,gwimpresskp@arstechnica.com,Male,76,True,False,239508.48,1496646.27
746,747,Horatius,Basso,hbassokq@macromedia.com,Male,80,True,False,103312.83,2276404.44
747,748,Cesare,Reeves,creeveskr@amazon.de,Male,93,True,False,406602.48,4036593.0
748,749,Moe,Crocombe,mcrocombeks@cyberchimps.com,Male,69,False,False,762537.3,4546216.55
749,750,Frederico,Van der Merwe,fvandermerwekt@stanford.edu,Male,84,False,True,734982.38,3010316.95
750,751,Nancy,MacGown,nmacgownku@biblegateway.com,Female,75,True,True,821813.29,558071.94
756,757,Leta,Johannes,ljohannesl0@exblog.jp,Polygender,63,False,False,426407.44,1337042.58
757,758,Trace,Guyonnet,tguyonnetl1@eepurl.com,Male,67,False,False,779055.73,3601721.03
761,762,Caspar,Sillett,csillettl5@last.fm,Male,63,True,False,888865.58,2046485.5
763,764,Sid,Hallford,shallfordl7@cornell.edu,Male,68,False,True,907068.66,2006944.01
764,765,Sarita,Cock,scockl8@shareasale.com,Female,71,True,True,699328.96,3835052.09
766,767,Elaine,Simister,esimisterla@tiny.cc,Female,94,True,True,967573.41,663834.0
767,768,Dalis,Masterson,dmastersonlb@cam.ac.uk,Male,89,False,True,809067.25,4585023.0
768,769,Charla,Corser,ccorserlc@netlog.com,Female,63,False,True,663013.92,1473316.01
769,770,Moina,Hamp,mhampld@ifeng.com,Female,59,True,False,786213.67,3542972.0
770,771,Felice,Crick,fcrickle@trellian.com,Female,58,False,False,628043.94,3886643.53
771,772,Jaquelyn,Clynmans,jclynmanslf@oaic.gov.au,Female,86,False,False,97649.47,197396.7
773,774,Hillie,Agar,hagarlh@tinypic.com,Male,71,False,True,283152.06,4853277.64
774,775,Finley,Gouth,fgouthli@gmpg.org,Male,89,True,True,220540.96,4076645.13
776,777,Kass,Bamborough,kbamboroughlk@csmonitor.com,Female,65,True,True,191683.32,1314148.91
778,779,Lotta,Yorke,lyorkelm@spiegel.de,Female,72,False,True,451296.15,1590892.36
779,780,Wernher,Scowcraft,wscowcraftln@illinois.edu,Male,93,False,True,337855.3,1633761.32
780,781,Zaria,Pirdue,zpirduelo@google.pl,Polygender,99,True,True,863627.0,1065640.31
781,782,Amil,Roe,aroelp@tripod.com,Female,61,True,False,88854.59,2931048.0
782,783,Concordia,Croci,ccrocilq@webnode.com,Female,88,True,True,699785.58,3830883.06
783,784,Mathew,Lawden,mlawdenlr@zimbio.com,Male,91,True,True,127017.09,2395121.01
786,787,Jacky,Gookes,jgookeslu@ucsd.edu,Male,53,False,True,450200.59,762722.82
787,788,Gustavo,Bichener,gbichenerlv@moonfruit.com,Male,99,False,False,78889.2,2666214.64
788,789,Conney,Weems,cweemslw@patch.com,Male,54,False,True,568204.86,53395.16
789,790,Cassondra,Elfes,celfeslx@reddit.com,Female,58,True,False,998975.36,4145512.0
790,791,Inna,Carver,icarverly@utexas.edu,Female,68,False,True,251370.24,2695057.14
797,798,Hettie,Westney,hwestneym5@multiply.com,Female,78,True,False,396894.3,2309597.0
798,799,Rafaelia,Bess,rbessm6@amazon.com,Female,93,False,True,770381.39,2403079.09
799,800,Angie,Remer,aremerm7@trellian.com,Male,81,True,True,994290.11,2820163.71
800,801,Gamaliel,Saville,gsavillem8@woothemes.com,Male,73,False,False,945548.28,3167363.63
801,802,Barr,Penvarne,bpenvarnem9@berkeley.edu,Male,92,True,True,98907.56,2485784.51
803,804,Norrie,Manton,nmantonmb@spiegel.de,Female,62,False,True,739363.29,4453477.74
805,806,Bordy,Pele,bpelemd@bbc.co.uk,Male,84,False,False,550219.67,3355102.6
806,807,Maximo,Rickets,mricketsme@shop-pro.jp,Genderqueer,95,True,True,429546.15,4324939.9
808,809,Sterne,Brake,sbrakemg@nsw.gov.au,Male,80,False,True,25074.27,2665346.48
809,810,Berget,Winfindale,bwinfindalemh@goo.ne.jp,Female,86,True,False,494248.76,2245454.01
811,812,Krispin,Pickance,kpickancemj@sakura.ne.jp,Male,83,True,True,86154.1,627577.74
812,813,Karlik,Paylor,kpaylormk@gmpg.org,Male,72,False,True,193965.17,3643583.99
815,816,Emalia,Piddlehinton,epiddlehintonmn@arizona.edu,Genderfluid,56,False,False,682733.29,999913.07
817,818,Sherlock,Quig,squigmp@ning.com,Male,86,True,False,37716.02,3655810.89
818,819,Thebault,Petyankin,tpetyankinmq@go.com,Male,75,False,True,828811.36,1256690.82
821,822,Deirdre,Trevino,dtrevinomt@yahoo.com,Female,78,True,True,867271.42,139172.12
823,824,Ward,Mullarkey,wmullarkeymv@csmonitor.com,Male,65,True,True,931821.94,2264628.03
826,827,Eva,Dunton,eduntonmy@cam.ac.uk,Female,97,True,False,949646.38,505105.4
827,828,Dorice,Leftwich,dleftwichmz@statcounter.com,Female,52,False,False,48361.52,4028924.9
828,829,Jess,Mangion,jmangionn0@chronoengine.com,Male,63,True,True,56452.79,2267871.0
829,830,Claiborn,York,cyorkn1@deliciousdays.com,Male,63,True,True,155877.07,3602239.41
830,831,Allis,Tremaine,atremainen2@forbes.com,Female,53,True,False,378400.28,2167335.37
831,832,Arney,MacAnulty,amacanultyn3@amazon.co.uk,Male,53,False,False,546839.2,3697653.25
832,833,Teddie,Margetts,tmargettsn4@stumbleupon.com,Male,85,True,True,435018.61,3321118.16
833,834,Deck,Hought,dhoughtn5@businesswire.com,Male,95,True,False,163625.63,2544072.11
838,839,Gradeigh,Box,gboxna@mozilla.org,Male,80,False,True,193686.76,1730800.45
839,840,Ewan,Wickey,ewickeynb@sbwire.com,Male,77,True,True,454832.39,598459.69
840,841,Fredek,Staynes,fstaynesnc@liveinternet.ru,Male,78,True,True,620715.55,343097.09
841,842,Rosco,Beamiss,rbeamissnd@youtube.com,Male,51,True,False,254487.62,3230203.87
842,843,Rutger,McAllen,rmcallenne@flavors.me,Male,69,False,True,52071.51,3716280.64
843,844,Howie,Dedham,hdedhamnf@princeton.edu,Male,93,True,False,697952.53,2123916.0
844,845,Terrance,Eagling,teaglingng@nhs.uk,Male,92,False,True,622809.13,3976242.72
845,846,Hildegaard,Botler,hbotlernh@forbes.com,Female,51,False,True,612330.27,4331180.0
847,848,Chilton,Yesipov,cyesipovnj@google.com.hk,Male,52,False,False,870358.32,2523263.17
848,849,Ettie,Volonte,evolontenk@plala.or.jp,Female,90,False,False,828571.29,2262202.96
850,851,Curry,Aliman,calimannm@telegraph.co.uk,Male,54,True,True,652268.38,3136920.0
851,852,Lynnell,Hussey,lhusseynn@nyu.edu,Bigender,71,False,False,591906.57,4310361.0
852,853,Merrel,Hailwood,mhailwoodno@macromedia.com,Male,92,False,False,824807.47,2134394.88
853,854,Mauricio,Doogue,mdooguenp@geocities.com,Male,88,True,False,566198.32,2660826.13
854,855,Dorice,Dacca,ddaccanq@howstuffworks.com,Female,63,True,True,425644.82,3045478.0
855,856,Hally,Camber,hcambernr@abc.net.au,Female,100,False,True,849442.11,4984157.0
856,857,Hortensia,Huyghe,hhuyghens@feedburner.com,Female,53,True,True,966615.04,4569030.0
858,859,Ronald,Layman,rlaymannu@ca.gov,Male,57,True,True,800890.45,3456314.78
859,860,Haskel,Gellately,hgellatelynv@marketwatch.com,Male,70,True,False,976113.17,4060873.51
860,861,Cary,Clemont,cclemontnw@webmd.com,Male,74,False,False,35633.06,1618201.66
861,862,Polly,Gittoes,pgittoesnx@google.co.jp,Female,54,True,True,767629.45,1482005.35
864,865,Koenraad,Maciocia,kmaciociao0@friendfeed.com,Male,77,True,True,63227.8,3520268.1
867,868,Ethyl,Piddock,epiddocko3@howstuffworks.com,Female,69,True,True,308105.93,3759382.03
872,873,Emmi,Talkington,etalkingtono8@cbc.ca,Female,92,False,True,33473.1,3999633.36
873,874,Rowen,Davey,rdaveyo9@topsy.com,Male,82,True,True,398582.16,486131.18
874,875,Marketa,Gibbons,mgibbonsoa@hexun.com,Female,83,False,False,892403.43,1751728.16
875,876,Odelle,Goult,ogoultob@opensource.org,Female,97,False,True,648024.01,3723862.84
878,879,Alena,Pellissier,apellissieroe@weibo.com,Female,87,True,False,578580.45,2222456.69
882,883,Derrik,Kassel,dkasseloi@shop-pro.jp,Male,95,True,False,922366.61,3326964.07
887,888,Ricoriki,Milam,rmilamon@accuweather.com,Male,72,True,True,888103.83,10919.59
888,889,Martynne,Cashley,mcashleyoo@hhs.gov,Genderqueer,84,True,False,64333.15,4812979.0
889,890,Mathe,McCay,mmccayop@princeton.edu,Male,74,False,False,410100.43,4063695.44
891,892,Carleton,Gartenfeld,cgartenfeldor@europa.eu,Genderqueer,96,True,False,198185.85,658742.39
893,894,Haywood,Alexandre,halexandreot@cnn.com,Male,51,False,True,471033.61,4850726.6
894,895,Kaiser,Kill,kkillou@dailymail.co.uk,Male,74,True,True,453221.1,2535270.94
895,896,Alford,Tedridge,atedridgeov@amazon.co.uk,Non-binary,54,False,True,391137.74,1968571.95
896,897,Derry,Batterton,dbattertonow@alexa.com,Male,93,False,True,200363.24,4501593.0
899,900,Tarah,Pestridge,tpestridgeoz@omniture.com,Female,61,False,False,149043.19,2627715.89
900,901,Florencia,Everly,feverlyp0@technorati.com,Female,96,True,True,281709.25,584090.0
901,902,Carey,Rubel,crubelp1@ovh.net,Female,67,True,True,924550.2,4054418.78
907,908,Marlon,Pritty,mprittyp7@biglobe.ne.jp,Polygender,93,True,False,948000.9,3565591.28
908,909,Barby,Ottosen,bottosenp8@bandcamp.com,Female,59,True,True,954255.67,3700885.0
909,910,Brnaba,Dellar,bdellarp9@prnewswire.com,Male,94,True,False,962182.52,842515.37
914,915,Kort,Deverell,kdeverellpe@last.fm,Male,62,False,True,685102.39,4487224.0
915,916,Roland,Phil,rphilpf@sitemeter.com,Male,96,True,True,438854.0,781705.82
917,918,Esmaria,Turfitt,eturfittph@webs.com,Female,70,False,False,633135.9,3693454.19
918,919,Clemmy,Redgate,credgatepi@slashdot.org,Male,66,False,True,93943.25,1002780.0
920,921,Griffie,Monni,gmonnipk@kickstarter.com,Male,65,False,False,46076.17,1132803.54
923,924,Maighdiln,O'Scandall,moscandallpn@accuweather.com,Female,56,False,False,82217.17,1298818.0
925,926,Noll,Iorns,niornspp@bloglovin.com,Male,82,True,False,822064.85,2220795.0
926,927,Virgie,Wrettum,vwrettumpq@nationalgeographic.com,Male,70,False,False,321759.68,370149.95
927,928,Mommy,Stables,mstablespr@flavors.me,Female,54,True,True,755212.61,3964664.91
928,929,Reyna,Westmerland,rwestmerlandps@nyu.edu,Polygender,65,True,True,416048.88,2655445.0
930,931,Pooh,Peacocke,ppeacockepu@taobao.com,Male,67,True,True,555634.03,82959.77
931,932,Roderic,Denty,rdentypv@ning.com,Male,76,True,True,547007.86,4220431.0
932,933,Sosanna,Warbey,swarbeypw@eepurl.com,Female,57,True,False,744034.8,3298469.0
933,934,Winona,Jellyman,wjellymanpx@dyndns.org,Bigender,89,False,True,215502.56,3543152.0
935,936,Cindy,Spuffard,cspuffardpz@i2i.jp,Female,57,True,False,355827.16,3345582.73
937,938,Jermayne,Gabbatt,jgabbattq1@weibo.com,Male,95,False,True,431959.49,4199898.2
938,939,Coop,Chinnick,cchinnickq2@microsoft.com,Male,68,False,True,14369.65,3272462.42
939,940,Pandora,Satterthwaite,psatterthwaiteq3@hatena.ne.jp,Female,56,False,False,698655.49,3331884.67
941,942,Lesley,Helwig,lhelwigq5@mac.com,Male,79,True,True,181954.12,4541579.0
944,945,Misty,Gosdin,mgosdinq8@disqus.com,Female,71,True,False,674259.33,2294462.17
945,946,Kennith,Orhrt,korhrtq9@loc.gov,Male,92,False,False,182516.74,932494.11
946,947,Justina,Kier,jkierqa@marriott.com,Female,79,False,False,502926.76,882659.04
947,948,Rex,Serck,rserckqb@cisco.com,Male,85,True,False,276805.6,2987164.0
948,949,Sheffield,Kingscott,skingscottqc@cnn.com,Male,75,True,True,676130.88,1590477.05
950,951,Janenna,Scawen,jscawenqe@mediafire.com,Genderfluid,53,True,False,213005.98,3536272.82
951,952,Alejandro,Shillaker,ashillakerqf@wunderground.com,Male,82,False,False,359195.15,4359606.53
952,953,Fergus,Addlestone,faddlestoneqg@phoca.cz,Male,67,False,True,445967.2,2577626.0
953,954,Elias,Yanele,eyaneleqh@go.com,Male,54,False,False,675943.16,3065456.32
955,956,Tommy,Trinkwon,ttrinkwonqj@miitbeian.gov.cn,Female,57,False,True,83396.31,261235.08
957,958,Natalina,Cassey,ncasseyql@nydailynews.com,Female,65,True,True,510603.69,64043.2
958,959,Gabbie,Sneden,gsnedenqm@seesaa.net,Male,88,True,True,401276.43,4378914.0
963,964,Richard,Hanhard,rhanhardqr@paypal.com,Male,57,False,False,850635.62,1886354.56
964,965,Dilly,Gabbatt,dgabbattqs@apple.com,Male,97,False,True,370010.64,3885019.38
965,966,Arabel,Chanson,achansonqt@usda.gov,Female,51,False,True,502847.62,1177444.72
966,967,Stanley,Parratt,sparrattqu@cafepress.com,Male,97,True,False,630610.0,4437249.9
970,971,Boyd,Oliphard,boliphardqy@histats.com,Male,56,False,True,500283.19,3194340.0
976,977,Robinett,Calam,rcalamr4@addthis.com,Female,98,False,True,819502.92,3235200.0
977,978,Heath,Antonik,hantonikr5@people.com.cn,Female,58,True,False,423135.68,2235046.21
978,979,Zachariah,Spooner,zspoonerr6@hp.com,Male,78,False,False,356639.02,2607511.0
980,981,Renelle,Weems,rweemsr8@arstechnica.com,Female,96,False,True,341673.34,4616865.67
981,982,Hilarius,Lissenden,hlissendenr9@github.com,Male,58,False,True,913343.62,630648.36
983,984,Lindsey,Mourant,lmourantrb@sfgate.com,Female,55,False,True,544620.08,4744793.0
987,988,Jannel,Wightman,jwightmanrf@cafepress.com,Genderfluid,52,False,False,167272.76,2460290.16
991,992,Glennis,Cristofvao,gcristofvaorj@usda.gov,Female,97,True,True,415744.55,1128564.95
993,994,Marlane,Holbury,mholburyrl@ucoz.com,Female,53,True,False,11207.85,2726873.22
994,995,Sancho,Blenkharn,sblenkharnrm@homestead.com,Male,61,True,True,880999.92,3818538.0
995,996,Fredric,Mailey,fmaileyrn@nature.com,Male,75,False,False,449219.8,595018.09
997,998,Brenn,Willars,bwillarsrp@acquirethisname.com,Female,93,True,True,246682.03,1600465.09
999,1000,Arlie,Melvin,amelvinrr@paypal.com,Female,66,True,False,506087.33,4344292.6
